,City,Country,Date,Latitude,Longitude,Cloudiness (%),Humidity (%),Max Temp (F),Wind Speed (mph)
0,san quintin,PH,2019-09-25 16:03:32,17.54,120.52,44,81,72.30380000000004,1.6
1,rikitea,PF,2019-09-25 16:01:38,-23.12,-134.97,0,68,71.99780000000001,3.59
2,katsuura,JP,2019-09-25 16:03:01,33.93,134.5,20,82,66.46999999999997,3.6
3,mataura,NZ,2019-09-25 16:01:34,-46.19,168.86,100,85,44.27599999999999,8.94
4,camopi,GF,2019-09-25 16:03:32,3.17,-52.33,100,46,87.13579999999996,2.31
5,bambous virieux,MU,2019-09-25 16:01:43,-20.34,57.76,75,88,71.86999999999996,0.5
6,vaini,IN,2019-09-25 16:01:43,15.34,74.49,100,95,75.56180000000003,1.04
7,barentsburg,,,,,,,,
8,qaanaaq,GL,2019-09-25 16:01:53,77.48,-69.36,98,80,19.99580000000003,4.63
9,salinas,US,2019-09-25 16:03:33,36.67,-121.66,1,21,98.276,2.1
10,moyale,ET,2019-09-25 16:03:33,3.52,39.05,46,61,74.96779999999997,4.78
11,carnarvon,ZA,2019-09-25 16:01:52,-30.97,22.13,0,8,56.33780000000003,4.2
12,puerto ayora,EC,2019-09-25 16:01:59,-0.74,-90.35,20,61,79.06999999999996,9.3
13,nikolskoye,RU,2019-09-25 16:01:36,59.7,30.79,75,93,41.26999999999996,1
14,coihaique,CL,2019-09-25 16:01:33,-45.58,-72.07,40,48,61.069999999999965,1.5
15,belushya guba,,,,,,,,
16,gat,SN,2019-09-25 16:03:33,14.69,-16.54,20,88,80.86999999999996,3.1
17,kulhudhuffushi,MV,2019-09-25 16:03:33,6.62,73.07,100,82,79.82780000000005,5.84
18,bredasdorp,ZA,2019-09-25 16:01:33,-34.53,20.04,0,77,65.26400000000004,3.1
19,tacoronte,ES,2019-09-25 16:03:34,28.48,-16.41,20,88,75.46999999999997,5.7
20,illoqqortoormiut,,,,,,,,
21,te anau,NZ,2019-09-25 16:03:34,-45.41,167.72,90,81,39.50779999999999,4.18
22,agen,FR,2019-09-25 16:03:34,44.2,0.62,90,93,63.266000000000005,6.2
23,albany,US,2019-09-25 15:58:16,42.65,-73.75,1,56,76.26199999999996,5.1
24,champerico,MX,2019-09-25 16:03:34,16.38,-93.6,40,52,88.06999999999996,3.1
25,namibe,AO,2019-09-25 16:01:39,-15.19,12.15,79,90,69.49580000000003,2.72
26,cayenne,GF,2019-09-25 16:02:50,4.94,-52.33,0,62,88.06999999999996,4.1
27,tual,ID,2019-09-25 16:03:35,-5.67,132.75,72,83,77.91980000000004,8.07
28,hermanus,ZA,2019-09-25 16:01:42,-34.42,19.24,0,56,65.26400000000004,1.79
29,alofi,NU,2019-09-25 16:02:35,-19.06,-169.92,70,78,75.46999999999997,3.1
30,halalo,,,,,,,,
31,east london,ZA,2019-09-25 16:01:47,-33.02,27.91,0,62,57.469999999999956,5.1
32,avarua,CK,2019-09-25 16:02:00,-21.21,-159.78,99,83,77.26999999999995,6.7
33,souillac,FR,2019-09-25 16:01:32,45.6,-0.6,90,93,63.266000000000005,4.6
34,gorontalo,ID,2019-09-25 16:03:35,0.54,123.06,15,63,69.71180000000004,1.29
35,new norfolk,AU,2019-09-25 16:01:58,-42.78,147.06,100,70,48.469999999999956,5.1
36,mrirt,,,,,,,,
37,jamestown,AU,2019-09-25 16:02:05,-33.21,138.6,0,65,47.26579999999999,2.92
38,port alfred,ZA,2019-09-25 16:01:33,-33.59,26.89,0,72,58.26199999999996,0.89
39,kasongo-lunda,CD,2019-09-25 16:02:01,-6.48,16.82,91,92,69.56779999999998,0.86
40,busselton,AU,2019-09-25 16:01:33,-33.64,115.35,100,65,57.272000000000034,4.43
41,dikson,RU,2019-09-25 16:01:48,73.51,80.55,88,92,35.979800000000026,4.55
42,kabanjahe,ID,2019-09-25 16:03:36,3.1,98.49,100,61,80.27599999999998,0.69
43,clyde river,CA,2019-09-25 16:01:55,70.47,-68.59,90,100,34.06999999999996,1.5
44,cabra,ES,2019-09-25 16:03:36,37.47,-4.43,0,33,75.46999999999997,1.03
45,hilo,US,2019-09-25 16:01:45,19.71,-155.08,75,62,84.46999999999997,2.6
46,bluff,AU,2019-09-25 16:01:39,-23.58,149.07,36,86,64.85179999999997,4.6
47,punta arenas,CL,2019-09-25 16:00:00,-53.16,-70.91,20,45,48.469999999999956,18.5
48,tlahualilo,,,,,,,,
49,tsihombe,,,,,,,,
50,atuona,PF,2019-09-25 16:01:39,-9.8,-139.03,69,78,79.93579999999994,9.05
51,kaitangata,NZ,2019-09-25 16:01:45,-46.28,169.85,90,65,43.26799999999999,5.81
52,hobart,AU,2019-09-25 15:59:20,-42.88,147.33,100,70,48.469999999999956,5.1
53,mizdah,LY,2019-09-25 16:02:40,31.45,12.98,0,47,77.39780000000002,6.13
54,bjornevatn,NO,2019-09-25 16:03:37,69.67,29.98,75,87,44.86999999999996,4.6
55,lebu,ET,2019-09-25 16:01:31,8.96,38.73,90,84,56.589800000000004,2.12
56,caravelas,BR,2019-09-25 16:03:37,-17.73,-39.27,19,78,73.18579999999994,5.39
57,phek,IN,2019-09-25 16:03:37,25.7,94.46,45,94,69.4238,0.43
58,cherskiy,RU,2019-09-25 16:01:33,68.75,161.3,0,72,29.103800000000035,1.77
59,uusikaupunki,FI,2019-09-25 16:03:37,60.8,21.41,75,93,46.274000000000015,1
60,sinnamary,GF,2019-09-25 16:01:33,5.38,-52.96,0,73,82.90580000000001,5.45
61,la ronge,CA,2019-09-25 16:02:15,55.1,-105.3,40,47,55.66999999999996,5.7
62,kapaa,US,2019-09-25 16:01:32,22.08,-159.32,90,83,80.86999999999996,2.1
63,mahebourg,MU,2019-09-25 16:01:46,-20.41,57.7,75,88,71.86999999999996,0.5
64,burriana,ES,2019-09-25 16:03:38,39.89,-0.08,76,83,75.46999999999997,1
65,meulaboh,ID,2019-09-25 16:02:43,4.14,96.13,100,79,80.60179999999997,1.49
66,ust-tsilma,RU,2019-09-25 16:03:38,65.44,52.15,100,95,35.65580000000001,3.21
67,attawapiskat,,,,,,,,
68,mount isa,AU,2019-09-25 16:01:35,-20.73,139.49,0,32,68.26999999999995,3.6
69,skelleftea,SE,2019-09-25 16:03:38,64.75,20.95,0,81,44.86999999999996,3.1
70,hithadhoo,MV,2019-09-25 16:01:35,-0.6,73.08,100,72,82.4738,3.23
71,hohhot,CN,2019-09-25 16:03:38,40.81,111.65,0,66,50.26999999999996,1
72,ambilobe,MG,2019-09-25 16:03:39,-13.19,49.05,60,71,71.74580000000003,3.33
73,butaritari,KI,2019-09-25 16:01:38,3.07,172.79,18,70,85.29979999999998,8.08
74,tuktoyaktuk,CA,2019-09-25 16:01:50,69.44,-133.03,75,86,39.469999999999956,3.1
75,pierre,US,2019-09-25 16:01:16,44.37,-100.35,1,39,67.26199999999996,6.7
76,fortuna,US,2019-09-25 16:01:41,40.6,-124.16,20,49,86.26999999999995,6.2
77,egvekinot,RU,2019-09-25 16:03:39,66.32,-179.17,0,66,29.21180000000004,1.96
78,warqla,,,,,,,,
79,xining,CN,2019-09-25 16:00:49,36.62,101.77,0,85,39.21980000000004,1.38
80,port blair,IN,2019-09-25 16:02:31,11.67,92.75,94,80,81.80779999999999,5.26
81,lata,IN,2019-09-25 16:03:39,30.78,78.62,47,93,37.635799999999946,0.74
82,barrow,AR,2019-09-25 16:01:34,-38.31,-60.23,61,62,67.1738,2.72
83,bairiki,,,,,,,,
84,khatanga,RU,2019-09-25 16:01:41,71.98,102.47,69,89,30.831799999999998,4.17
85,zemio,CF,2019-09-25 16:03:40,5.02,25.13,100,98,70.52180000000001,2.19
86,castro,CL,2019-09-25 16:02:10,-42.48,-73.76,20,72,61.069999999999965,4.6
87,bilibino,RU,2019-09-25 16:01:52,68.06,166.44,20,94,17.781799999999997,1.68
88,thompson,CA,2019-09-25 16:01:44,55.74,-97.86,40,34,52.069999999999965,8.2
89,cabo san lucas,MX,2019-09-25 16:00:17,22.89,-109.91,5,66,90.26600000000002,8.2
90,vaitape,PF,2019-09-25 16:03:27,-16.52,-151.75,59,77,79.35979999999996,6.53
91,provideniya,RU,2019-09-25 16:01:59,64.42,-173.23,0,73,32.26999999999996,1.95
92,pevek,RU,2019-09-25 16:02:07,69.7,170.27,87,79,34.431799999999996,5.12
93,yellowknife,CA,2019-09-25 16:01:34,62.45,-114.38,75,86,41.26999999999996,4.1
94,shakawe,BW,2019-09-25 16:02:55,-18.36,21.84,44,48,70.89979999999998,7.38
95,bethel,US,2019-09-25 16:02:09,60.79,-161.76,40,86,41.26999999999996,6.2
96,norsup,VU,2019-09-25 16:03:40,-16.07,167.38,95,94,77.26999999999995,6.2
97,kovacica,RS,2019-09-25 16:03:41,45.11,20.62,0,100,64.66999999999996,1
98,geraldton,CA,2019-09-25 16:03:41,49.72,-86.95,75,93,52.069999999999965,3.1
99,airai,TL,2019-09-25 16:01:39,-8.93,125.41,0,78,69.62180000000002,1.63
100,atar,MR,2019-09-25 16:01:44,20.52,-13.05,37,10,101.85979999999996,5.43
101,abnub,EG,2019-09-25 16:03:41,27.27,31.15,0,26,77.95580000000001,5.17
102,ushuaia,AR,2019-09-25 15:59:22,-54.81,-68.31,75,60,41.26999999999996,7.2
103,narsaq,GL,2019-09-25 16:01:57,60.91,-46.05,20,57,50.26999999999996,1
104,upernavik,GL,2019-09-25 16:02:14,72.79,-56.15,90,74,35.11579999999999,4.48
105,nizhneyansk,,,,,,,,
106,issaquah,US,2019-09-25 16:03:42,47.53,-122.04,1,63,67.26199999999996,3.1
107,naze,NG,2019-09-25 16:02:31,5.43,7.07,75,94,79.06999999999996,1.5
108,mana,NG,2019-09-25 16:03:42,13.03,5.27,0,37,89.07980000000003,3.44
109,binzhou,CN,2019-09-25 16:03:42,37.38,117.96,0,66,64.27400000000002,2.07
110,maniitsoq,GL,2019-09-25 16:01:35,65.42,-52.9,0,75,41.2898,0.55
111,pisco,PE,2019-09-25 16:01:53,-13.71,-76.2,0,30,71.86999999999996,3.1
112,georgetown,GY,2019-09-25 15:57:12,6.8,-58.16,75,70,91.66999999999996,4.1
113,sola,TZ,2019-09-25 16:02:51,-3.17,33.8,100,54,73.40179999999995,2.18
114,komsomolskiy,RU,2019-09-25 15:58:35,67.55,63.78,100,97,32.88379999999997,2.57
115,guildford,GB,2019-09-25 16:03:42,51.24,-0.57,87,87,63.266000000000005,3.1
116,waddan,LY,2019-09-25 16:03:43,29.16,16.14,0,38,82.07780000000005,5.66
117,aklavik,CA,2019-09-25 16:01:57,68.22,-135.01,20,86,39.469999999999956,1.5
118,nome,US,2019-09-25 16:02:46,30.04,-94.42,40,48,90.26600000000002,2.6
119,iacu,BR,2019-09-25 16:03:43,-12.77,-40.21,74,65,76.20979999999997,3.22
120,keti bandar,PK,2019-09-25 16:03:43,24.14,67.45,0,82,84.95779999999999,5.5
121,lolua,,,,,,,,
122,neustadt,CH,2019-09-25 16:03:43,47.05,8.31,75,77,59.26999999999996,2.19
123,salvador,BR,2019-09-25 16:03:43,-12.98,-38.48,40,78,79.06999999999996,2.6
124,tura,RU,2019-09-25 16:02:32,64.27,100.22,72,88,31.06579999999999,2.89
125,vaitupu,,,,,,,,
126,zhigansk,RU,2019-09-25 16:02:57,66.77,123.37,100,90,40.51579999999999,5.34
127,paysandu,UY,2019-09-25 16:00:26,-32.32,-58.08,0,28,83.26400000000004,0.45
128,port lincoln,AU,2019-09-25 16:02:57,-34.72,135.86,0,64,57.4898,4.93
129,san cristobal,HN,2019-09-25 16:02:37,14.68,-86.92,97,76,80.16980000000004,1.2
130,kahului,US,2019-09-25 16:02:53,20.89,-156.47,40,66,86.26999999999995,2.6
131,kemijarvi,,,,,,,,
132,kodiak,US,2019-09-25 16:01:41,39.95,-94.76,1,41,82.66999999999996,2.6
133,cape town,ZA,2019-09-25 16:01:46,-33.93,18.42,0,77,69.27799999999996,4.1
134,samusu,,,,,,,,
135,rio gallegos,AR,2019-09-25 15:57:53,-51.62,-69.22,40,30,53.86999999999996,18.5
136,el balyana,,,,,,,,
137,milagres,BR,2019-09-25 16:03:44,-7.31,-38.94,20,20,95.26999999999995,3.6
138,longyearbyen,NO,2019-09-25 16:02:20,78.22,15.63,90,100,35.86999999999996,1
139,kosjeric,RS,2019-09-25 16:03:45,44,19.91,100,82,61.069999999999965,0.5
140,jevargi,IN,2019-09-25 16:03:45,17.02,76.77,100,89,75.3818,5.42
141,maragogi,BR,2019-09-25 16:01:39,-9.01,-35.22,22,87,70.93579999999994,2.31
142,rajapalaiyam,IN,2019-09-25 16:03:45,9.45,77.55,100,78,75.52579999999998,1.29
143,ostrovnoy,RU,2019-09-25 16:02:26,68.05,39.51,100,94,38.84179999999998,6.22
144,oktyabrskiy,RU,2019-09-25 16:03:45,55.61,37.97,75,86,43.26799999999999,1
145,umm kaddadah,SD,2019-09-25 16:02:48,13.6,26.69,79,18,92.84179999999998,4.57
146,stuttgart,DE,2019-09-25 16:03:46,48.78,9.18,40,82,59.26999999999996,2.1
147,tynda,RU,2019-09-25 16:03:46,55.15,124.74,52,91,32.451799999999956,0.64
148,saint andrews,NZ,2019-09-25 16:03:46,-44.53,171.19,0,50,44.27599999999999,1.79
149,bandarbeyla,SO,2019-09-25 16:03:46,9.49,50.81,0,64,76.22780000000006,4.38
150,huatulco,MX,2019-09-25 16:03:46,15.84,-96.33,75,70,89.27599999999998,6.2
151,amderma,,,,,,,,
152,abu samrah,SY,2019-09-25 16:03:47,35.3,37.18,0,60,67.02980000000002,2.72
153,fort frances,CA,2019-09-25 16:03:47,48.61,-93.4,40,55,61.069999999999965,6.2
154,poum,MK,2019-09-25 16:02:27,41.28,20.71,20,72,61.069999999999965,1.5
155,ribeira grande,PT,2019-09-25 16:01:49,38.52,-28.7,75,78,73.66999999999996,4.6
156,saint-philippe,CA,2019-09-25 16:01:47,45.36,-73.48,1,52,70.06999999999996,2.1
157,bengkulu,,,,,,,,
158,ureshino,JP,2019-09-25 16:03:47,33.13,130.06,91,82,67.26199999999996,1
159,port-gentil,GA,2019-09-25 16:03:01,-0.72,8.78,75,94,77.26999999999995,3.6
160,taolanaro,,,,,,,,
161,batagay-alyta,RU,2019-09-25 16:02:23,67.8,130.41,60,84,19.347800000000007,1.51
162,karaul,,,,,,,,
163,qinhuangdao,CN,2019-09-25 16:03:48,39.94,119.59,0,66,58.695800000000034,0.86
164,mar del plata,AR,2019-09-25 16:01:42,-46.43,-67.52,59,25,68.01980000000005,10.2
165,khormuj,,,,,,,,
166,jalu,LY,2019-09-25 16:02:25,29.03,21.55,0,61,74.75179999999996,5.02
167,lishan,CN,2019-09-25 16:03:48,24.07,102.75,100,98,52.30580000000001,1
168,esmeraldas,BR,2019-09-25 16:03:48,-19.76,-44.31,90,77,66.46999999999997,5.7
169,aleksandro-nevskiy,RU,2019-09-25 16:03:48,53.48,40.21,99,69,41.12780000000005,1.6
170,stoyba,,,,,,,,
171,esperance,AU,2019-09-25 16:03:49,-33.86,121.89,90,100,53.86999999999996,1
172,hofn,IS,2019-09-25 16:02:11,64.25,-15.21,90,100,50.26999999999996,2.6
173,longlac,,,,,,,,
174,astana,KZ,2019-09-25 16:01:44,51.13,71.43,0,60,39.469999999999956,1
175,bud,NO,2019-09-25 16:03:49,62.91,6.91,0,87,50.26999999999996,4.6
176,tsabong,BW,2019-09-25 16:03:49,-26.02,22.4,0,31,65.78780000000003,5.97
177,polis,CY,2019-09-25 16:03:49,35.04,32.42,40,78,73.66999999999996,2.1
178,mumford,GH,2019-09-25 16:03:49,5.26,-0.76,25,93,74.98579999999995,2.66
179,lima,PE,2019-09-25 16:01:32,-12.06,-77.04,90,77,66.46999999999997,2.6
180,sentyabrskiy,,,,,,,,
181,thetford mines,CA,2019-09-25 16:03:50,46.09,-71.3,86,88,57.272000000000034,1.63
182,mahibadhoo,MV,2019-09-25 16:03:50,3.78,72.97,100,81,79.70179999999996,4.63
183,korla,,,,,,,,
184,saskylakh,RU,2019-09-25 16:01:53,71.97,114.09,29,96,30.97579999999997,2.67
185,ust-kamchatsk,,,,,,,,
186,kyabe,TD,2019-09-25 16:03:50,9.45,18.94,100,94,74.57180000000002,1.74
187,jelling,DK,2019-09-25 16:03:50,55.76,9.42,73,100,59.26999999999996,5.7
188,juneau,US,2019-09-25 15:57:59,58.3,-134.42,75,87,50.26999999999996,3.1
189,palabuhanratu,,,,,,,,
190,kaeo,NZ,2019-09-25 16:03:51,-35.1,173.78,11,82,51.27799999999996,4.02
191,bollnas,SE,2019-09-25 16:03:51,61.35,16.39,53,98,46.274000000000015,1.03
192,bayburt,TR,2019-09-25 16:03:51,40.26,40.22,100,49,50.32579999999997,1.59
193,miri,NG,2019-09-25 16:03:51,10.31,9.75,100,64,76.55179999999996,1.78
194,huarmey,PE,2019-09-25 16:03:51,-10.07,-78.15,57,92,61.899799999999985,5.28
195,vardo,US,2019-09-25 16:01:54,39.62,-77.74,1,30,83.26400000000004,1.5
196,laguna,BZ,2019-09-25 16:03:52,16.17,-88.94,40,66,91.66999999999996,3.1
197,ginda,IN,2019-09-25 16:03:52,30.69,78.49,77,94,56.82379999999999,1.04
198,itarema,BR,2019-09-25 16:03:52,-2.92,-39.92,74,68,78.49580000000003,5.1
199,evensk,RU,2019-09-25 16:02:27,61.92,159.24,100,70,34.48579999999995,8.87
200,villamontes,BO,2019-09-25 16:03:52,-21.26,-63.47,90,35,84.46999999999997,3.6
201,sioux lookout,CA,2019-09-25 16:02:14,50.1,-91.92,75,66,57.469999999999956,6.7
202,dunmore,US,2019-09-25 16:03:52,41.42,-75.63,1,44,77.26999999999995,2.6
203,faya,SA,2019-09-25 16:03:52,18.39,42.45,0,18,75.46999999999997,3.6
204,monaco-ville,FR,2019-09-25 15:59:17,43.73,7.42,0,78,75.46999999999997,7.2
205,kalmunai,LK,2019-09-25 16:02:41,7.42,81.82,71,92,73.99580000000003,0.66
206,kavaratti,IN,2019-09-25 16:01:49,10.57,72.64,100,74,82.43780000000004,3.3
207,tungkang,,,,,,,,
208,sept-iles,CA,2019-09-25 16:00:18,50.2,-66.38,90,93,49.26199999999996,3.1
209,vila velha,BR,2019-09-25 16:02:10,-3.71,-38.6,0,69,82.66999999999996,7.7
210,lianyuan,CN,2019-09-25 16:03:53,27.69,111.67,98,58,65.17579999999998,0.54
211,olafsvik,,,,,,,,
212,muroto,JP,2019-09-25 16:03:53,33.37,134.14,0,77,64.63579999999996,2.52
213,entre rios,BR,2019-09-25 16:03:53,-11.94,-38.08,1,95,68.82980000000003,2.58
214,salalah,OM,2019-09-25 16:02:44,17.01,54.1,75,78,82.66999999999996,4.1
215,itarantim,BR,2019-09-25 16:03:54,-15.65,-40.06,29,85,68.5238,2.59
216,petropavlovsk-kamchatskiy,RU,2019-09-25 16:03:54,53.05,158.65,90,100,34.06999999999996,5
217,vao,EE,2019-09-25 16:02:52,59.1,26.19,89,92,45.37579999999997,1.55
218,port shepstone,ZA,2019-09-25 16:03:54,-30.74,30.45,0,77,48.29179999999998,2.55
219,pailon,BO,2019-09-25 16:03:54,-17.66,-62.72,75,29,89.86999999999996,6.7
220,bam,IR,2019-09-25 16:03:54,29.11,58.36,0,51,61.52180000000002,2.48
221,paita,PE,2019-09-25 16:02:32,-5.09,-81.11,0,290,62.86999999999996,5.1
222,iqaluit,CA,2019-09-25 16:01:43,63.75,-68.52,75,80,41.26999999999996,8.2
223,rantepao,ID,2019-09-25 16:03:47,-2.97,119.9,100,93,56.42780000000005,1.18
224,mut,TR,2019-09-25 16:03:55,36.64,33.44,0,86,54.141799999999975,1.06
225,agadez,NE,2019-09-25 16:03:55,16.97,7.99,1,11,95.26999999999995,0.47
226,nishihara,JP,2019-09-25 16:03:55,35.74,139.53,75,78,71.86999999999996,4.6
227,korgen,NO,2019-09-25 16:03:55,66.08,13.83,0,93,46.66999999999996,1.5
228,atbasar,KZ,2019-09-25 16:03:56,51.81,68.36,0,68,37.04179999999998,1.4
229,heilbron,ZA,2019-09-25 16:03:56,-27.29,27.97,0,35,43.03579999999995,5.44
230,murgab,TM,2019-09-25 16:02:00,37.5,61.97,0,48,66.46999999999997,2.1
231,chokurdakh,RU,2019-09-25 16:01:51,70.62,147.9,29,89,23.937800000000024,3.52
232,nemuro,JP,2019-09-25 16:03:56,43.32,145.57,0,63,53.88980000000001,8.29
233,yanan,,,,,,,,
234,vuktyl,RU,2019-09-25 16:03:56,63.86,57.31,100,85,35.47579999999997,5.23
235,gilgil,,,,,,,,
236,koslan,RU,2019-09-25 16:02:48,63.46,48.9,100,91,37.52780000000005,4.61
237,honiara,SB,2019-09-25 16:02:13,-9.43,159.96,20,100,73.66999999999996,1
238,bereda,ES,2019-09-25 16:03:57,43.27,-7.54,40,82,65.26400000000004,2.1
239,ternate,PH,2019-09-25 16:03:57,14.29,120.72,20,78,81.26600000000002,1
240,luau,CD,2019-09-25 16:03:57,-10.7,22.23,80,28,79.62980000000002,1.34
241,diamond harbour,IN,2019-09-25 16:03:57,22.19,88.19,75,94,77.26999999999995,2.27
242,ahipara,NZ,2019-09-25 16:03:58,-35.17,173.16,63,100,51.27799999999996,13.23
243,mys shmidta,,,,,,,,
244,port elizabeth,US,2019-09-25 16:01:50,39.31,-74.98,1,30,83.26400000000004,4.1
245,vung tau,VN,2019-09-25 16:03:58,10.35,107.08,100,87,78.65779999999998,2.59
246,chuy,UY,2019-09-25 16:01:49,-33.69,-53.46,55,72,62.06180000000004,3.88
247,grand river south east,,,,,,,,
248,gambela,ET,2019-09-25 16:03:58,8.25,34.59,100,91,67.64179999999999,2.69
249,saint george,GR,2019-09-25 16:00:04,39.45,22.34,20,88,68.26999999999995,2.6
250,kawalu,ID,2019-09-25 16:03:59,-7.38,108.21,98,87,68.14580000000004,1.17
251,yulara,AU,2019-09-25 16:02:36,-25.24,130.99,6,71,52.069999999999965,0.5
252,severo-kurilsk,RU,2019-09-25 16:02:23,50.68,156.12,79,85,49.53379999999997,16.35
253,dolbeau,,,,,,,,
254,tacuarembo,UY,2019-09-25 16:03:59,-31.73,-55.98,33,66,66.66980000000004,1.43
255,grandola,PT,2019-09-25 16:03:59,38.18,-8.57,0,46,71.86999999999996,3.6
256,tasiilaq,GL,2019-09-25 16:01:32,65.61,-37.64,75,87,46.66999999999996,2.6
257,baie-saint-paul,CA,2019-09-25 16:04:00,47.44,-70.51,100,86,51.27799999999996,4.47
258,bourail,NC,2019-09-25 16:04:00,-21.57,165.5,96,74,66.9398,2.59
259,marcona,,,,,,,,
260,sitka,US,2019-09-25 16:01:37,37.17,-99.65,100,58,89.27599999999998,4.47
261,inhuma,BR,2019-09-25 16:04:00,-6.67,-41.71,0,24,84.9398,1.29
262,san patricio,PY,2019-09-25 16:02:13,-26.98,-56.83,0,48,74.51779999999997,3.21
263,pombas,BR,2019-09-25 16:04:00,-15.9,-54.74,90,81,75.7238,2.39
264,vostok,RU,2019-09-25 16:04:00,46.45,135.83,0,93,38.98579999999995,1.36
265,hualmay,PE,2019-09-25 16:04:00,-11.1,-77.61,17,91,61.68379999999998,5.34
266,makakilo city,US,2019-09-25 16:02:41,21.35,-158.09,90,88,82.27400000000002,5
267,sao filipe,CV,2019-09-25 16:01:48,14.9,-24.5,97,83,78.60380000000004,7.33
268,victoria,BN,2019-09-25 16:00:14,5.28,115.24,75,83,80.86999999999996,5.86
269,yeppoon,AU,2019-09-25 16:04:01,-23.13,150.74,40,88,66.46999999999997,3.1
270,sabang,PH,2019-09-25 16:04:01,13.8,121.11,27,91,73.27400000000002,1.17
271,locri,IT,2019-09-25 16:04:01,38.24,16.26,5,83,74.26400000000004,1.5
272,calbuco,CL,2019-09-25 16:04:01,-41.77,-73.13,20,72,61.069999999999965,8.7
273,umm lajj,SA,2019-09-25 16:02:55,25.02,37.27,0,68,85.1738,7.26
274,torbay,CA,2019-09-25 16:01:34,47.66,-52.73,90,100,51.27799999999996,6.2
275,ondorhaan,,,,,,,,
276,patacamaya,BO,2019-09-25 16:04:02,-17.23,-67.92,98,39,60.26180000000004,8.24
277,kloulklubed,PW,2019-09-25 16:04:02,7.04,134.26,40,94,77.26999999999995,2.06
278,grand gaube,MU,2019-09-25 16:04:02,-20.01,57.66,75,88,71.86999999999996,0.5
279,ilulissat,GL,2019-09-25 16:02:07,69.22,-51.1,20,77,37.66999999999996,2.1
280,nuuk,GL,2019-09-25 16:01:59,64.17,-51.74,5,63,44.86999999999996,5.7
281,mugur-aksy,RU,2019-09-25 16:04:02,50.38,90.44,0,72,31.87579999999997,2.15
282,batemans bay,AU,2019-09-25 16:04:03,-35.71,150.18,100,88,49.26199999999996,0.45
283,husavik,CA,2019-09-25 16:02:22,50.56,-96.99,100,65,55.274000000000015,3.58
284,matadi,CD,2019-09-25 16:04:03,-5.83,13.46,80,68,80.04379999999995,2.39
285,port augusta,AU,2019-09-25 16:04:03,-32.49,137.76,0,93,45.266000000000005,3.1
286,neuquen,AR,2019-09-25 16:04:03,-38.95,-68.06,0,24,82.66999999999996,1.54
287,gerede,TR,2019-09-25 16:04:04,40.8,32.2,11,96,54.141799999999975,1.14
288,garden city,US,2019-09-25 15:59:57,43.62,-116.24,1,37,70.26799999999999,5.1
289,yangambi,CD,2019-09-25 16:02:57,0.77,24.47,100,89,73.32980000000003,1.01
290,vilyuysk,RU,2019-09-25 16:02:24,63.75,121.63,92,96,38.769800000000046,3.17
291,arraial do cabo,BR,2019-09-25 16:02:08,-22.97,-42.02,75,83,70.06999999999996,8.2
292,liverpool,GB,2019-09-25 15:54:33,53.41,-2.98,40,93,61.26799999999999,1.5
293,maghama,,,,,,,,
294,pochutla,MX,2019-09-25 16:02:39,15.74,-96.47,75,70,89.27599999999998,6.2
295,pangody,RU,2019-09-25 16:02:38,65.85,74.49,100,93,34.59379999999995,5.87
296,bilma,NE,2019-09-25 16:04:04,18.69,12.92,0,16,91.29379999999995,1.91
297,toora-khem,RU,2019-09-25 16:04:05,52.47,96.11,83,96,40.87579999999997,1.21
298,palmer,AU,2019-09-25 16:02:12,-34.85,139.16,0,58,56.26400000000004,4.1
299,bull savanna,JM,2019-09-25 16:04:05,17.89,-77.59,100,72,86.16380000000001,4.13
300,marawi,PH,2019-09-25 16:02:01,8,124.29,3,85,77.26999999999995,2.24
301,chiang rai,TH,2019-09-25 16:04:05,19.9,99.84,0,94,70.06999999999996,1
302,hihifo,,,,,,,,
303,pacific grove,US,2019-09-25 15:57:13,36.62,-121.92,1,21,97.26799999999999,2.1
304,diego de almagro,CL,2019-09-25 16:04:05,-26.39,-70.05,48,50,58.26380000000002,3.08
305,chapais,CA,2019-09-25 16:04:06,49.78,-74.86,90,71,53.86999999999996,7.7
306,rungata,,,,,,,,
307,banepa,NP,2019-09-25 16:04:06,27.63,85.52,90,100,66.46999999999997,1
308,kosa,JP,2019-09-25 16:04:06,32.67,130.82,60,77,69.27799999999996,4.02
309,santa flavia,CL,2019-09-25 16:04:06,-51.55,-72.35,40,49,48.469999999999956,9.8
310,tuggurt,,,,,,,,
311,bouake,CI,2019-09-25 16:04:06,7.69,-5.02,52,91,73.72579999999996,1.75
312,coahuayana,MX,2019-09-25 16:04:07,18.62,-100.35,21,65,86.00179999999996,1.26
313,ballymena,GB,2019-09-25 16:04:07,54.87,-6.28,75,82,61.069999999999965,3.6
314,manitouwadge,CA,2019-09-25 16:04:07,49.12,-85.84,75,72,59.26999999999996,6.2
315,krasnoselkup,,,,,,,,
316,oak ridge,US,2019-09-25 16:00:56,36.01,-84.27,1,22,92.26400000000004,2.6
317,guerrero negro,MX,2019-09-25 16:02:29,27.97,-114.04,0,79,69.24379999999996,3.79
318,aitape,PG,2019-09-25 16:04:08,-3.15,142.36,73,92,75.77780000000004,2.05
319,krasnoshchekovo,RU,2019-09-25 16:04:08,51.67,82.73,100,91,42.45979999999996,1.95
320,morro bay,US,2019-09-25 16:04:08,35.37,-120.85,1,77,96.27799999999996,2.6
321,saint-michel-des-saints,CA,2019-09-25 16:04:08,46.68,-73.92,96,9,56.26400000000004,4.74
322,lazaro cardenas,MX,2019-09-25 16:04:08,28.39,-105.62,40,57,88.26799999999999,4.1
323,touros,BR,2019-09-25 16:02:44,-5.2,-35.46,20,65,80.86999999999996,6.7
324,bijie,CN,2019-09-25 16:04:08,27.3,105.3,46,97,50.523799999999994,0.05
325,slavonski brod,HR,2019-09-25 16:04:09,45.17,18.01,75,93,63.266000000000005,1
326,leningradskiy,RU,2019-09-25 16:02:11,69.38,178.42,95,90,30.345800000000033,3.64
327,tarudant,,,,,,,,
328,malidong,PH,2019-09-25 16:04:09,13.01,123.46,50,80,80.06180000000003,3.79
329,coulommiers,FR,2019-09-25 16:04:09,48.81,3.08,90,93,62.86999999999996,3.6
330,pangnirtung,CA,2019-09-25 16:01:56,66.15,-65.72,40,57,50.26999999999996,3.6
331,banda aceh,ID,2019-09-25 16:04:09,5.56,95.32,100,74,81.95179999999996,3.1
332,antofagasta,CL,2019-09-25 16:04:10,-23.65,-70.4,75,77,59.26999999999996,5.7
333,gjirokaster,AL,2019-09-25 16:04:10,40.08,20.14,20,78,71.86999999999996,1.5
334,harnai,PK,2019-09-25 16:04:10,30.1,67.94,0,41,76.98379999999997,1.68
335,sabrum,IN,2019-09-25 16:04:10,23,91.73,100,86,74.12180000000002,2.01
336,lodwar,KE,2019-09-25 16:04:10,3.12,35.6,1,32,88.80979999999997,4.94
337,buritizeiro,BR,2019-09-25 16:04:10,-17.37,-44.96,100,41,80.51180000000005,3.08
338,ayan,IR,2019-09-25 16:04:11,38.23,44.7,0,38,49.7318,2.38
339,campo de criptana,ES,2019-09-25 16:04:11,39.41,-3.13,74,51,66.50779999999999,0.62
340,grindavik,IS,2019-09-25 16:01:54,63.84,-22.43,75,87,55.66999999999996,4.1
341,tomatlan,MX,2019-09-25 16:04:11,19.93,-105.25,98,79,83.21180000000004,3.01
342,phan rang,,,,,,,,
343,nieuw amsterdam,SR,2019-09-25 16:04:11,5.88,-55.08,20,49,95.26999999999995,5.1
344,tiksi,RU,2019-09-25 16:01:41,71.64,128.87,100,89,34.8818,4.24
345,honningsvag,NO,2019-09-25 16:04:11,70.98,25.97,90,93,44.86999999999996,3.6
346,utiroa,,,,,,,,
347,camacha,PT,2019-09-25 16:01:45,33.08,-16.33,20,73,71.86999999999996,5.1
348,eldorado,BR,2019-09-25 16:04:12,-24.52,-48.11,100,85,64.25779999999999,1.76
349,realeza,BR,2019-09-25 16:02:16,-25.77,-53.53,72,35,78.3158,1.2
350,malinovskiy,RU,2019-09-25 16:04:12,54.15,34.53,87,76,36.897800000000004,1.22
351,avera,US,2019-09-25 16:04:12,33.19,-82.53,1,22,97.26799999999999,2.1
352,ponta do sol,BR,2019-09-25 16:01:44,-20.63,-46,78,74,69.38780000000003,3.01
353,cremlingen,DE,2019-09-25 16:04:12,52.25,10.65,75,93,57.469999999999956,1
354,vanimo,PG,2019-09-25 16:02:58,-2.67,141.3,45,82,80.81779999999998,3.91
355,marsh harbour,BS,2019-09-25 16:01:38,26.54,-77.06,0,66,79.59379999999996,5.11
356,kutum,SD,2019-09-25 16:04:13,14.2,24.66,100,22,87.20779999999999,4.05
357,rio grande,BR,2019-09-25 16:04:13,-32.03,-52.1,0,56,73.66999999999996,5.1
358,moron,HT,2019-09-25 16:04:13,18.56,-74.26,100,78,82.9238,5.16
359,tuatapere,NZ,2019-09-25 16:01:51,-46.13,167.69,100,85,44.27599999999999,8.94
360,fairbanks,US,2019-09-25 16:02:04,64.84,-147.72,75,86,40.26199999999996,3.1
361,westport,US,2019-09-25 16:01:29,41.14,-73.36,1,47,78.27799999999996,6.7
362,zhezkazgan,KZ,2019-09-25 16:04:13,47.8,67.71,100,66,50.523799999999994,5.89
363,blackwater,GB,2019-09-25 16:04:14,51.33,-0.78,87,87,62.86999999999996,3.1
364,tombouctou,ML,2019-09-25 16:02:20,16.77,-3.01,0,9,99.62780000000005,3.64
365,erenhot,CN,2019-09-25 16:04:14,43.65,111.97,0,28,63.21380000000002,4.62
366,isangel,VU,2019-09-25 16:04:14,-19.55,169.27,75,88,64.66999999999996,7.11
367,xai-xai,MZ,2019-09-25 16:02:02,-25.04,33.64,8,68,61.19780000000001,4.69
368,artyk,,,,,,,,
369,rocha,UY,2019-09-25 16:04:14,-34.48,-54.34,67,79,63.321800000000025,0.75
370,necochea,AR,2019-09-25 16:01:37,-38.55,-58.74,67,74,57.272000000000034,1.79
371,nouadhibou,MR,2019-09-25 16:04:14,20.93,-17.03,0,73,71.86999999999996,9.3
372,sisimiut,GL,2019-09-25 16:01:56,66.94,-53.67,0,73,42.58579999999995,4.84
373,umzimvubu,,,,,,,,
374,lengshuitan,CN,2019-09-25 16:04:15,26.41,111.6,100,52,70.16180000000004,1.02
375,nicoya,CR,2019-09-25 16:04:15,10.15,-85.45,75,78,80.86999999999996,1
376,nova vicosa,BR,2019-09-25 16:04:15,-17.89,-39.37,19,78,73.18579999999994,5.39
377,northam,AU,2019-09-25 16:04:15,-31.65,116.67,100,93,52.069999999999965,0.94
378,can,IT,2019-09-25 16:04:15,46.08,11.97,75,88,65.26400000000004,2.1
379,kruisfontein,ZA,2019-09-25 16:02:00,-34,24.73,0,68,52.70179999999996,3.19
380,hamilton,CA,2019-09-25 16:03:18,43.26,-79.87,75,47,79.26799999999999,9.3
381,neiafu,TO,2019-09-25 16:01:47,-18.65,-173.98,75,100,68.26999999999995,5.42
382,bac lieu,,,,,,,,
383,buckeye,US,2019-09-25 16:04:16,33.37,-112.58,75,39,88.26799999999999,3.6
384,sangmelima,CM,2019-09-25 16:04:16,2.93,11.98,100,98,68.61380000000003,2.37
385,shubarshi,KZ,2019-09-25 16:04:16,48.59,57.19,0,59,44.29580000000003,3.32
386,taoudenni,ML,2019-09-25 16:04:16,22.68,-3.98,24,9,98.60179999999995,3.25
387,port hardy,CA,2019-09-25 16:04:16,50.7,-127.42,90,93,52.069999999999965,3.6
388,green river,US,2019-09-25 16:04:17,41.53,-109.47,1,31,68.26999999999995,7.2
389,ashqelon,IL,2019-09-25 16:04:17,31.67,34.57,0,69,77.26999999999995,1
390,monte carmelo,BR,2019-09-25 16:04:17,-18.73,-47.5,100,69,70.82780000000005,3.05
391,ligayan,PH,2019-09-25 16:04:17,4.65,119.47,94,66,83.75179999999996,2.95
392,dalsingh sarai,IN,2019-09-25 16:04:17,25.67,85.83,100,94,75.03980000000001,5.34
393,ola,RU,2019-09-25 16:04:17,59.58,151.3,100,54,37.88780000000003,5.15
394,rapid valley,US,2019-09-25 16:04:18,44.06,-103.15,1,58,59.26999999999996,2.6
395,tawnat,,,,,,,,
396,eskisehir,TR,2019-09-25 16:04:18,39.78,30.52,40,82,61.26799999999999,3.6
397,lorengau,PG,2019-09-25 16:02:58,-2.02,147.27,29,81,80.51180000000005,3.18
398,ancud,CL,2019-09-25 16:01:44,-41.87,-73.83,20,72,61.069999999999965,4.6
399,wuwei,CN,2019-09-25 16:04:18,37.93,102.64,0,27,55.16779999999997,2.52
400,maxixe,MZ,2019-09-25 16:02:04,-23.86,35.35,40,87,61.069999999999965,4.1
401,aykhal,RU,2019-09-25 16:02:34,65.95,111.51,90,64,37.66999999999996,2
402,juifang,,,,,,,,
403,broome,GB,2019-09-25 16:02:54,52.47,1.45,20,93,61.26799999999999,4.1
404,panjakent,UZ,2019-09-25 16:04:19,39.5,67.61,0,55,66.46999999999997,1
405,muhos,FI,2019-09-25 16:04:19,64.81,26,75,76,48.469999999999956,5.1
406,khonuu,,,,,,,,
407,kamenskoye,,,,,,,,
408,guiren,TW,2019-09-25 16:04:19,22.97,120.29,75,78,81.26600000000002,0.5
409,sorland,NO,2019-09-25 16:02:12,67.67,12.69,75,93,48.469999999999956,0.5
410,satitoa,,,,,,,,
411,waingapu,ID,2019-09-25 16:04:19,-9.65,120.26,0,89,68.68579999999994,2.33
412,chaplynka,UA,2019-09-25 16:04:20,46.36,33.54,100,52,50.54179999999998,2.32
413,galgani,,,,,,,,
414,hutchinson,US,2019-09-25 16:02:18,38.06,-97.93,90,57,88.26799999999999,5.7
415,kavieng,PG,2019-09-25 16:02:29,-2.57,150.8,100,75,83.96779999999997,4.7
416,qui nhon,,,,,,,,
417,solbjerg,DK,2019-09-25 16:04:20,56.81,10.14,100,87,59.26999999999996,3.6
418,kuytun,RU,2019-09-25 16:02:41,54.34,101.51,100,93,47.913800000000016,1.92
419,chipinge,ZW,2019-09-25 16:04:20,-20.19,32.62,0,57,51.92780000000005,4.01
420,mezen,RU,2019-09-25 16:04:21,65.85,44.24,100,94,38.589800000000004,5.34
421,ambunti,PG,2019-09-25 16:04:21,-4.22,142.82,93,98,73.79780000000001,0.35
422,muncar,ID,2019-09-25 16:04:21,-8.43,114.34,82,91,72.17780000000005,0.55
423,hasaki,JP,2019-09-25 16:01:50,35.73,140.83,75,88,66.46999999999997,2.6
424,calama,CL,2019-09-25 16:01:15,-22.46,-68.93,0,8,76.26199999999996,10.3
425,berlevag,NO,2019-09-25 16:02:27,70.86,29.09,90,87,46.66999999999996,4.6
426,asau,,,,,,,,
427,teguajinal,HN,2019-09-25 16:04:21,15.37,-86.6,75,62,89.86999999999996,3.6
428,rosendal,NO,2019-09-25 16:04:21,59.99,6.01,0,82,56.26400000000004,4.6
429,mandurah,AU,2019-09-25 16:04:22,-32.55,115.7,90,93,56.26400000000004,2.6
430,verkhoyansk,RU,2019-09-25 16:04:22,67.55,133.39,96,95,30.52579999999997,1.44
431,nanortalik,GL,2019-09-25 16:04:22,60.14,-45.24,0,84,41.86579999999999,0.69
432,nouakchott,MR,2019-09-25 16:04:22,18.08,-15.98,0,76,80.96180000000004,4.65
433,saleaula,,,,,,,,
434,znamenskoye,RU,2019-09-25 16:02:50,57.13,73.82,6,94,30.327800000000046,2.93
435,dzilam gonzalez,MX,2019-09-25 16:04:22,21.28,-88.93,58,66,91.27400000000002,6.71
436,rio branco,BR,2019-09-25 16:04:23,-9.98,-67.82,40,34,97.06999999999996,3.6
437,namatanai,PG,2019-09-25 16:02:49,-3.66,152.44,51,81,79.82780000000005,3.4
438,riesa,DE,2019-09-25 16:03:34,51.3,13.31,0,77,59.26999999999996,3.1
439,mogadishu,SO,2019-09-25 16:02:46,2.04,45.34,24,84,77.6318,7
440,hirara,JP,2019-09-25 16:02:30,24.8,125.28,25,84,79.61180000000004,8.55
441,edd,ER,2019-09-25 16:04:23,13.93,41.69,0,79,85.24580000000003,1.58
442,klaksvik,FO,2019-09-25 16:02:03,62.23,-6.59,90,100,52.069999999999965,13.4
443,beyneu,KZ,2019-09-25 16:02:46,45.32,55.19,13,62,54.37579999999997,6.09
444,cabedelo,BR,2019-09-25 16:02:43,-6.97,-34.84,40,69,80.86999999999996,7.7
445,ust-maya,RU,2019-09-25 16:04:24,60.42,134.54,0,95,29.44580000000003,1.67
446,bima,ID,2019-09-25 16:04:24,-8.45,118.73,31,97,68.41579999999999,1.07
447,dunda,IN,2019-09-25 16:04:24,30.62,78.32,0,93,64.72579999999996,1.01
448,wadi,CN,2019-09-25 16:04:24,31.9,103.52,9,89,32.48780000000003,1.82
449,plettenberg bay,ZA,2019-09-25 16:04:24,-34.05,23.37,0,29,60.531800000000004,2.88
450,nha trang,VN,2019-09-25 16:04:25,12.24,109.19,40,88,82.66999999999996,3.1
451,kamaishi,JP,2019-09-25 16:04:25,39.28,141.86,100,75,46.49179999999998,0.88
452,omboue,GA,2019-09-25 16:04:25,-1.57,9.26,100,85,77.81180000000003,4.21
453,yar-sale,RU,2019-09-25 16:04:25,66.83,70.83,100,85,35.69179999999998,5.08
454,hay river,CA,2019-09-25 16:01:39,60.82,-115.79,40,70,44.86999999999996,7.2
455,lagoa,PT,2019-09-25 16:02:27,37.14,-8.45,0,53,75.46999999999997,5.1
456,killybegs,IE,2019-09-25 16:04:25,54.63,-8.45,40,93,59.26999999999996,6.7
457,gemena,CD,2019-09-25 16:04:26,3.25,19.78,100,98,70.93579999999994,1.31
458,raudeberg,NO,2019-09-25 16:03:00,61.99,5.14,40,81,52.069999999999965,2.1
459,butterworth,MY,2019-09-25 16:04:26,5.4,100.37,75,94,80.86999999999996,2.91
460,natal,BR,2019-09-25 16:04:26,-5.81,-35.21,40,69,82.66999999999996,9.3
461,biak,ID,2019-09-25 16:04:26,-0.91,122.88,58,98,60.83780000000003,1.53
462,chagda,,,,,,,,
463,jabinyanah,TN,2019-09-25 16:02:54,35.03,10.91,20,65,80.86999999999996,3.6
464,barra do corda,BR,2019-09-25 16:04:27,-5.5,-45.25,8,30,90.08780000000003,1.8
465,san policarpo,PH,2019-09-25 16:02:39,12.18,125.51,32,88,76.91180000000004,2.17
466,wajima,JP,2019-09-25 16:04:27,37.4,136.9,64,54,71.34979999999999,6.63
467,haines junction,CA,2019-09-25 16:04:27,60.75,-137.51,90,59,41.19979999999998,3.15
468,sambava,MG,2019-09-25 16:02:52,-14.27,50.17,8,89,64.41980000000004,1.18
469,semey,KZ,2019-09-25 16:04:27,50.41,80.25,95,67,47.517799999999966,2.18
470,hami,CN,2019-09-25 16:02:29,42.84,93.51,0,22,70.12579999999997,4.06
471,corat,AZ,2019-09-25 16:04:27,40.57,49.71,75,88,70.06999999999996,4.6
472,santa rosa,AR,2019-09-25 16:02:19,-36.62,-64.29,0,22,83.94979999999998,1.59
473,grootfontein,NA,2019-09-25 16:04:28,-19.56,18.1,0,33,65.28379999999999,5.08
474,newport,US,2019-09-25 16:04:28,41.49,-71.31,1,49,75.27200000000005,2.1
475,timizart,DZ,2019-09-25 16:04:28,36.8,4.25,0,76,75.23780000000002,3.72
476,ucluelet,CA,2019-09-25 16:04:01,48.94,-125.55,90,87,60.27799999999996,2.6
477,mega,ET,2019-09-25 16:04:28,4.06,38.32,17,41,76.80380000000004,6.24
478,pedernales,EC,2019-09-25 16:04:28,0.07,-80.05,44,89,72.89780000000002,7.99
479,constitucion,MX,2019-09-25 16:02:00,23.99,-104.67,35,43,77.26999999999995,1.34
480,herat,AF,2019-09-25 16:04:29,34.35,62.22,0,21,71.86999999999996,2.6
481,karaj,IR,2019-09-25 16:02:54,35.81,51.01,0,11,73.66999999999996,2.1
482,haysville,US,2019-09-25 16:04:29,37.56,-97.35,1,54,88.26799999999999,4.1
483,cockburn town,TC,2019-09-25 16:02:19,21.46,-71.14,75,88,82.66999999999996,2.6
484,vadso,NO,2019-09-25 16:04:29,70.07,29.75,75,87,44.86999999999996,6.2
485,soyo,AO,2019-09-25 16:04:29,-6.13,12.37,98,86,76.22780000000006,4.23
486,aksarka,RU,2019-09-25 16:04:30,66.56,67.8,100,88,35.00779999999999,5
487,olean,US,2019-09-25 16:00:50,42.08,-78.43,1,53,76.26199999999996,3.6
488,owando,CG,2019-09-25 16:04:30,-0.49,15.91,100,96,71.54780000000001,2.29
489,lodja,CD,2019-09-25 16:04:30,-3.52,23.6,100,98,70.25179999999996,2.25
490,sao felix do xingu,BR,2019-09-25 16:04:30,-6.64,-51.99,97,29,92.42780000000005,0.83
491,mata,PT,2019-09-25 16:04:31,40.68,-7.46,100,81,61.26799999999999,0.89
492,opuwo,NA,2019-09-25 15:58:38,-18.06,13.84,0,42,62.96180000000004,1.03
493,dawson creek,CA,2019-09-25 16:02:48,55.76,-120.23,1,54,55.66999999999996,4.6
494,the valley,AI,2019-09-25 16:04:31,18.22,-63.06,20,70,86.26999999999995,4.6
495,mountain home,US,2019-09-25 16:03:28,43.13,-115.69,1,28,68.26999999999995,8.2
496,lourdes,SV,2019-09-25 16:04:31,13.73,-89.37,40,88,88.06999999999996,3.1
497,tabarqah,,,,,,,,
498,eskasem,,,,,,,,
499,saldanha,PT,2019-09-25 16:04:32,41.42,-6.55,100,65,61.66579999999999,1.99
500,karaton,ID,2019-09-25 16:04:32,-6.34,106.1,20,83,79.06999999999996,1
501,baykit,RU,2019-09-25 16:04:32,61.68,96.39,88,98,28.81579999999999,1.83
502,eyl,SO,2019-09-25 16:02:18,7.98,49.82,0,76,74.96779999999997,9.25
503,port hedland,AU,2019-09-25 16:01:51,-20.31,118.58,28,87,61.069999999999965,2.6
504,beloha,MG,2019-09-25 16:02:06,-25.17,45.06,42,76,64.2398,4.52
505,dhamtari,IN,2019-09-25 16:04:33,20.71,81.55,100,97,73.22180000000003,1.77
506,xuddur,SO,2019-09-25 16:04:34,4.12,43.89,24,71,77.09179999999998,10.68
507,mambajao,PH,2019-09-25 16:04:34,9.25,124.72,38,76,83.17579999999998,4.49
508,bowen,AU,2019-09-25 16:04:34,-20.01,148.25,75,100,62.86999999999996,2.1
509,lar,IR,2019-09-25 16:04:34,27.66,54.32,0,45,86.26999999999995,2.1
510,andenes,,,,,,,,
511,norman wells,CA,2019-09-25 16:02:26,65.28,-126.83,75,61,46.66999999999996,7.2
512,mugla,BG,2019-09-25 16:04:34,41.62,24.49,90,72,66.46999999999997,3.6
513,kungurtug,RU,2019-09-25 16:04:35,50.6,97.53,98,90,43.089800000000004,1.12
514,rawson,AR,2019-09-25 16:04:35,-43.3,-65.11,0,28,72.03379999999999,9.25
515,rorvik,NO,2019-09-25 16:04:35,64.86,11.24,0,87,48.469999999999956,1
516,pias,PH,2019-09-25 16:04:35,16.62,120.36,100,78,82.31180000000003,2.73
517,saint-joseph,FR,2019-09-25 16:04:35,43.56,6.97,0,38,75.46999999999997,5.1
518,arlit,NE,2019-09-25 16:02:40,18.74,7.39,0,9,93.32780000000005,1.71
519,merauke,ID,2019-09-25 16:02:08,-8.49,140.4,48,82,78.38780000000003,8.18
520,lompoc,US,2019-09-25 16:01:37,34.64,-120.46,1,23,95.26999999999995,4.6
521,eureka,US,2019-09-25 15:58:08,40.8,-124.16,20,49,79.26799999999999,6.2
522,srednekolymsk,RU,2019-09-25 16:02:24,67.46,153.71,91,89,26.313800000000015,6.01
523,dubbo,AU,2019-09-25 16:04:36,-32.25,148.6,0,82,44.86999999999996,5.1
524,moindou,NC,2019-09-25 16:04:36,-21.69,165.68,0,82,61.069999999999965,1
525,sechura,PE,2019-09-25 16:04:36,-5.56,-80.82,57,94,61.629800000000024,8.52
526,faanui,PF,2019-09-25 16:01:37,-16.48,-151.75,59,77,79.35979999999996,6.53
527,dzhebariki-khaya,RU,2019-09-25 16:02:07,62.22,135.8,43,95,28.90580000000001,1.41
528,inuvik,CA,2019-09-25 16:02:30,68.36,-133.71,75,80,39.469999999999956,1.5
529,menongue,AO,2019-09-25 16:01:54,-14.66,17.68,0,24,64.94179999999997,2.1
530,niquelandia,BR,2019-09-25 16:01:57,-14.47,-48.46,70,32,84.47180000000003,1.23
531,dafeng,CN,2019-09-25 16:04:37,33.2,120.46,85,87,62.65580000000001,1.81
532,bom sucesso,BR,2019-09-25 16:04:37,-21.03,-44.76,91,71,69.06380000000001,1.45
533,pandan,PH,2019-09-25 16:04:37,11.72,122.09,34,75,81.59179999999998,4.74
534,harper,US,2019-09-25 16:04:37,30.3,-99.24,40,34,94.26199999999996,3.6
535,sorkjosen,,,,,,,,
536,turukhansk,RU,2019-09-25 16:04:38,65.8,87.96,98,91,33.135799999999946,5.37
537,san rafael,AR,2019-09-25 16:04:38,-34.61,-68.33,0,12,82.76180000000005,7.13
538,saint-georges,CA,2019-09-25 16:02:20,46.12,-70.67,89,2,55.274000000000015,1.43
539,murakami,JP,2019-09-25 16:04:38,38.29,139.58,8,60,60.45979999999996,3.29
540,kupang,ID,2019-09-25 16:04:39,-10.16,123.6,62,72,76.62379999999999,2.9
541,mackay,CA,2019-09-25 16:04:39,53.65,-115.58,75,61,53.86999999999996,7.2
542,harer,US,2019-09-25 16:04:39,42.19,-111.17,1,41,69.27799999999996,4.1
543,horsham,AU,2019-09-25 16:02:11,-36.71,142.2,0,96,43.61180000000004,1.85
544,hambantota,LK,2019-09-25 16:04:39,6.12,81.12,100,84,78.45979999999997,7.25
545,praia da vitoria,PT,2019-09-25 16:02:39,38.73,-27.07,40,65,77.26999999999995,6.89
546,rapar,IN,2019-09-25 16:04:39,23.57,70.65,100,66,86.64979999999998,3.62
547,guymon,US,2019-09-25 16:04:40,36.68,-101.48,1,57,86.26999999999995,5.7
548,nelson bay,AU,2019-09-25 16:02:25,-32.72,152.14,40,93,62.27599999999999,4.88
549,opoczno,PL,2019-09-25 16:00:46,51.38,20.29,100,89,57.272000000000034,2.32
550,zhaotong,CN,2019-09-25 16:04:40,27.34,103.71,47,96,46.09580000000003,0.6
551,amboasary,MG,2019-09-25 16:04:40,-25.04,46.38,75,93,66.46999999999997,1.5
552,guanambi,BR,2019-09-25 16:00:26,-14.22,-42.78,0,40,79.86380000000003,4.43
553,bonavista,CA,2019-09-25 16:01:51,48.65,-53.11,100,82,48.272000000000034,2.68
554,pachino,IT,2019-09-25 16:04:40,36.72,15.09,0,88,70.06999999999996,1
555,dzaoudzi,YT,2019-09-25 16:04:10,-12.79,45.27,20,83,79.06999999999996,5.7
556,bargal,,,,,,,,
557,huamachuco,PE,2019-09-25 16:04:41,-7.82,-78.05,96,50,60.135799999999946,2.83
558,rawah,,,,,,,,
559,puerto escondido,MX,2019-09-25 16:03:01,15.86,-97.07,75,66,88.06999999999996,3.6
560,guiratinga,BR,2019-09-25 16:04:41,-16.35,-53.76,86,87,71.58379999999997,7.12
561,camargo,MX,2019-09-25 16:04:41,27.69,-105.17,1,39,85.0658,1.15
562,manavgat,TR,2019-09-25 16:04:41,36.79,31.44,40,78,73.66999999999996,1.5
563,hushitai,CN,2019-09-25 16:04:42,41.93,123.51,0,100,52.069999999999965,1
564,hualahuises,MX,2019-09-25 16:04:42,24.88,-99.67,3,69,77.95580000000001,2.77
565,whitehorse,CA,2019-09-25 16:01:15,60.72,-135.06,75,61,49.26199999999996,4.6
566,jaru,BR,2019-09-25 16:04:42,-10.43,-62.48,86,70,80.31380000000001,5.08
567,joacaba,BR,2019-09-25 16:01:36,-27.18,-51.5,0,62,68.55979999999997,1.82
568,bentiu,,,,,,,,
569,chulym,RU,2019-09-25 16:04:43,55.09,80.97,100,66,38.229800000000026,3.8
570,noumea,NC,2019-09-25 16:02:54,-22.28,166.46,0,82,73.27400000000002,1
571,sakaiminato,JP,2019-09-25 16:04:43,35.55,133.23,40,87,61.069999999999965,1
572,luanda,AO,2019-09-25 15:54:54,-8.83,13.24,40,88,75.46999999999997,2.1
573,buta,CD,2019-09-25 16:04:43,2.79,24.73,100,98,72.59179999999998,1.21
574,lichinga,MZ,2019-09-25 16:04:43,-13.3,35.25,76,61,71.25979999999996,5.87
575,ushtobe,KZ,2019-09-25 16:02:00,45.25,77.98,100,25,62.601799999999955,3.59
576,ballina,IE,2019-09-25 16:02:26,54.11,-9.15,75,100,60.27799999999996,5.7
577,jaspur,IN,2019-09-25 16:04:44,29.28,78.83,90,85,75.74179999999998,2.98
578,we,,,,,,,,
579,sanary-sur-mer,FR,2019-09-25 16:04:44,43.12,5.8,0,53,73.27400000000002,4.6
580,tumannyy,,,,,,,,
581,sur,OM,2019-09-25 16:04:44,22.57,59.53,0,73,80.04379999999995,4.75
582,najran,SA,2019-09-25 16:02:46,17.54,44.22,0,23,84.46999999999997,4.1
583,sao joao da ponte,BR,2019-09-25 16:04:44,-15.93,-44.01,32,26,83.4998,1.45
584,dingle,PH,2019-09-25 16:02:49,11,122.67,32,86,74.28379999999999,1.76
585,besikduzu,TR,2019-09-25 16:04:45,41.05,39.23,75,83,70.26799999999999,1.5
586,ceres,BR,2019-09-25 16:00:52,-15.31,-49.6,96,31,85.04780000000001,2.65
587,vila franca do campo,PT,2019-09-25 16:04:45,37.72,-25.43,75,78,71.86999999999996,5.1
588,sao joao da barra,BR,2019-09-25 16:04:45,-21.64,-41.05,90,88,71.86999999999996,2.1
589,elmadag,TR,2019-09-25 16:04:45,39.92,33.23,75,76,63.266000000000005,0.6
590,padang,ID,2019-09-25 16:04:45,-0.92,100.36,89,89,78.49580000000003,4.84
591,dunedin,NZ,2019-09-25 16:01:29,-45.87,170.5,99,68,43.26799999999999,13.86
592,lagos,NG,2019-09-25 16:01:06,6.46,3.39,20,88,80.86999999999996,2.1
593,sungaipenuh,ID,2019-09-25 16:04:46,-2.08,101.38,100,94,70.84580000000003,0.52
594,chlumec,CZ,2019-09-25 16:04:46,50.7,13.94,0,77,59.26999999999996,3.1
595,san jose,HN,2019-09-25 16:04:46,14.25,-87.96,20,46,89.86999999999996,1.5
596,sistranda,NO,2019-09-25 16:02:34,63.73,8.83,0,71,55.274000000000015,2.1
597,aripuana,BR,2019-09-25 16:04:46,-9.17,-60.63,58,38,94.78579999999995,0.8
598,paramonga,PE,2019-09-25 16:04:46,-10.68,-77.82,68,92,60.9818,5.03
599,balod,IN,2019-09-25 16:04:47,20.73,81.21,100,97,72.60979999999996,0.41
600,trat,TH,2019-09-25 16:02:45,12.25,102.51,10,84,85.26199999999996,2.17
601,irbil,,,,,,,,
602,rocky mountain house,CA,2019-09-25 16:00:05,52.38,-114.92,100,38,57.23780000000003,2.57
603,cidreira,BR,2019-09-25 16:02:12,-30.17,-50.22,0,83,65.26579999999998,4.13
604,tougue,GN,2019-09-25 16:04:47,11.45,-11.68,84,90,69.49580000000003,0.47
605,warah,PK,2019-09-25 16:04:47,31.27,70.84,0,39,89.34979999999999,4.08
606,gigante,CO,2019-09-25 16:04:47,2.39,-75.55,20,25,98.86999999999996,6.2
607,den helder,NL,2019-09-25 16:04:48,52.96,4.76,75,100,61.26799999999999,5.1
608,freetown,BS,2019-09-25 16:04:48,26.61,-78.36,20,69,82.66999999999996,6.7
609,lahij,YE,2019-09-25 16:04:48,13.06,44.88,0,57,88.05380000000004,1.33
610,birao,CF,2019-09-25 16:04:48,10.3,22.78,100,80,77.18180000000001,3.25
611,susangerd,IR,2019-09-25 16:04:48,31.56,48.19,0,26,84.46999999999997,1
612,finnsnes,NO,2019-09-25 16:04:48,69.23,17.98,75,93,48.469999999999956,1.5
613,mecca,SA,2019-09-25 16:02:16,21.43,39.83,44,53,82.20380000000003,1.6
614,caramay,PH,2019-09-25 16:04:49,10.18,119.24,1,86,76.13780000000003,1.29
